timestamp,label,prediction
2021-06-01 03:00:21,0.3282875120639801,0.30149045174802935
2021-06-01 04:00:21,0.24854248762130737,0.25588173334478187
2021-06-01 05:00:21,0.16852249205112457,0.1728852397162082
2021-06-01 06:00:21,0.04308000206947327,0.06463870651906418
2021-06-01 07:00:21,0.02666749805212021,0.03683502963412944
2021-06-01 08:00:21,0.07814999669790268,0.07609484569297503
2021-06-01 09:00:21,0.12670999765396118,0.12288032756631026
2021-06-01 10:00:20,0.18890999257564545,0.16543663560123864
2021-06-01 11:00:20,0.16513249278068542,0.17268675964036184
2021-06-01 12:00:20,0.1067425012588501,0.11213881363929841
2021-06-01 13:00:20,0.0780550017952919,0.07617653003713123
2021-06-01 14:00:20,0.1248450055718422,0.10984847640003985
2021-06-01 15:00:21,0.1891925036907196,0.1604191306088159
2021-06-01 16:00:21,0.3093949854373932,0.29072265559194294
2021-06-01 17:00:21,0.5409550070762634,0.4343337638360836
2021-06-01 18:00:21,0.725867509841919,0.6065943351660182
2021-06-01 19:00:21,0.9898025393486023,0.8121086942601692
2021-06-01 20:00:21,1.3080050945281982,1.387540825776614
2021-06-01 21:00:21,1.3347949981689453,1.7900763425037725
2021-06-01 22:00:21,1.0979225635528564,1.8436942471488458
2021-06-01 23:00:21,1.1252626180648804,1.8030358460472806
2021-06-02 00:00:20,0.6703799962997437,0.9058447364507363
2021-06-02 01:00:20,0.3905250132083893,0.5258945781924146
2021-06-02 02:00:20,0.36826249957084656,0.31804646529402003
2021-06-02 03:00:21,0.12613999843597412,0.1486171003629702
2021-06-02 04:00:21,0.01881999894976616,0.04775445114803995
2021-06-02 05:00:21,0.03471999987959862,0.040743535790380564
2021-06-02 06:00:21,0.0386274978518486,0.04382364040427491
2021-06-02 07:00:21,0.14039000868797302,0.11928592342298872
2021-06-02 08:00:21,0.14417749643325806,0.1499812306109409
2021-06-02 09:00:21,0.20176000893115997,0.19012356223172297
2021-06-02 10:00:20,0.27507996559143066,0.2569751621173129
2021-06-02 11:00:20,0.35280001163482666,0.34027920963924657
2021-06-02 12:00:20,0.3388125002384186,0.36057844731005245
2021-06-02 13:00:20,0.356267511844635,0.3510692838785382
2021-06-02 14:00:20,0.31391751766204834,0.26219814624968907
2021-06-02 15:00:21,0.2765375077724457,0.30966621299592806
2021-06-02 16:00:21,0.16529498994350433,0.17597282621612073
2021-06-02 17:00:21,0.08913250267505646,0.10449024093359652
2021-06-02 18:00:21,0.045260000973939896,0.053463187652109265
2021-06-02 19:00:21,0.03591249883174896,0.05198571934236315
2021-06-02 20:00:21,0.03373249992728233,0.044096584493914966
2021-06-02 21:00:21,0.05944249778985977,0.052158326870314645
2021-06-02 22:00:21,0.14556501805782318,0.11668781643659246
2021-06-02 23:00:21,0.1593400090932846,0.16682087753963704
2021-06-03 00:00:21,0.20652499794960022,0.19459666046759594
2021-06-03 01:00:20,0.2930525243282318,0.25562607128808795
2021-06-03 02:00:20,0.2443549782037735,0.22915665854872283
2021-06-03 03:00:21,0.15101249516010284,0.1706439594349289
2021-06-03 04:00:21,0.08874749392271042,0.09120192730818522
2021-06-03 05:00:21,0.05050000175833702,0.05979495519976486
2021-06-03 06:00:21,0.055775001645088196,0.05661012986536278
2021-06-03 07:00:21,0.00938500091433525,0.013654099778620808
2021-06-03 08:00:21,0.05993499606847763,0.056243992262899285
2021-06-03 09:00:21,0.12132000923156738,0.10823963874974485
2021-06-03 10:00:20,0.07487750053405762,0.07818433441559539
2021-06-03 11:00:20,0.03761250153183937,0.04405429305894698
2021-06-03 12:00:20,0.04772249981760979,0.05383179595153515
2021-06-03 13:00:20,0.05418749898672104,0.04524511612635411
2021-06-03 14:00:20,0.019967500120401382,0.023709151758922374
2021-06-03 15:00:21,0.006949999835342169,0.0075687894102093615
2021-06-03 16:00:21,0.008192500099539757,0.008137087623253002
2021-06-03 17:00:21,0.00152749998960644,0.0026720118734740094
2021-06-03 18:00:21,0.0005200000596232712,0.0007267115572488479
2021-06-03 19:00:21,0.005962499883025885,0.004589205984602349
2021-06-03 20:00:21,0.010130000300705433,0.00939709260660443
2021-06-03 21:00:21,0.008102498948574066,0.009017611066132492
2021-06-03 22:00:21,0.015935000032186508,0.014366470284768425
2021-06-03 23:00:21,0.014472500421106815,0.014812165403111605
2021-06-04 00:00:21,0.005412499886006117,0.007742655121844172
2021-06-04 01:00:20,0.009567500092089176,0.011540441385611295
2021-06-04 02:00:20,0.017907502129673958,0.017653580875664324
2021-06-04 03:00:21,0.014362500049173832,0.012779983746201828
2021-06-04 04:00:21,0.00933500099927187,0.011225292932713116
2021-06-04 05:00:21,0.011689999140799046,0.012773523432847447
2021-06-04 06:00:21,0.004945000167936087,0.008086535891556921
2021-06-04 07:00:21,0.003160000080242753,0.004240353807554374
2021-06-04 08:00:21,0.008177501149475574,0.008926692675465357
2021-06-04 09:00:21,0.023999998345971107,0.022934750529639208
2021-06-04 10:00:20,0.048100002110004425,0.050983316941405635
2021-06-04 11:00:20,0.07241750508546829,0.06770179026147263
2021-06-04 12:00:20,0.03580499812960625,0.03999868367153999
2021-06-04 13:00:20,0.030857501551508904,0.031797023599534166
2021-06-04 14:00:20,0.04917000234127045,0.04677414585916912
2021-06-04 15:00:21,0.09266750514507294,0.08427109571290062
2021-06-04 16:00:21,0.08219249546527863,0.08948329593566604
2021-06-04 17:00:21,0.08362749963998795,0.079030562055198
2021-06-04 18:00:21,0.08610750734806061,0.0834202539054167
2021-06-04 19:00:21,0.08370000123977661,0.0890206464435827
2021-06-04 20:00:21,0.1310649961233139,0.13292876662839206
2021-06-04 21:00:21,0.25687500834465027,0.2683590116760816
2021-06-04 22:00:21,0.5080749988555908,0.43316321391848916
2021-06-04 23:00:21,0.6185775399208069,0.5090893777430653
2021-06-05 00:00:20,0.5288749933242798,0.5128557042689186
2021-06-05 01:00:20,0.25505751371383667,0.29440714310743127
2021-06-05 02:00:20,0.19526250660419464,0.19226086947795157
2021-06-05 03:00:21,0.20449000597000122,0.20736298910920697
2021-06-05 04:00:21,0.1775899976491928,0.18160854074644955
2021-06-05 05:00:21,0.13301751017570496,0.13271529244595942
2021-06-05 06:00:21,0.08023250102996826,0.09280210891031779
2021-06-05 07:00:21,0.0412524975836277,0.04629982376281577
2021-06-05 08:00:21,0.006930000148713589,0.011020658907520863
2021-06-05 09:00:21,0.0019575001206249,0.003054156438805141
2021-06-05 10:00:21,0.007007500622421503,0.007739184797524596
2021-06-05 11:00:20,0.034652501344680786,0.025292976647670353
2021-06-05 12:00:20,0.02217250131070614,0.025407099115796434
2021-06-05 13:00:20,0.01568000018596649,0.015960369524367322
2021-06-05 14:00:20,0.00663750059902668,0.00848038347005754
2021-06-05 15:00:21,0.0030074999667704105,0.0035053212388128662
2021-06-05 16:00:21,0.02552499808371067,0.03523068517406891
2021-06-05 17:00:21,0.06840500235557556,0.05614970532774286
2021-06-05 18:00:21,0.13678501546382904,0.11155325740552242
2021-06-05 19:00:21,0.23485501110553741,0.1897218063859358
2021-06-05 20:00:21,0.3322175145149231,0.2945583467757117
2021-06-05 21:00:21,0.3359775245189667,0.29763412872045203
2021-06-05 22:00:21,0.3418574929237366,0.345592623451716
2021-06-05 23:00:21,0.4632825255393982,0.3896068781801678
2021-06-06 00:00:21,0.3933649957180023,0.4298369646724509
2021-06-06 01:00:20,0.39131250977516174,0.36675557502649747
2021-06-06 02:00:20,0.40233752131462097,0.41860740834651905
2021-06-06 03:00:21,0.3736425042152405,0.3598942193958267
2021-06-06 04:00:21,0.2559249997138977,0.2572601713669052
2021-06-06 05:00:21,0.19701498746871948,0.20475609160571384
2021-06-06 06:00:21,0.08158500492572784,0.08912541410148213
2021-06-06 07:00:21,0.01619500108063221,0.031110796197087977
2021-06-06 08:00:21,0.006384999956935644,0.009286765558952123
2021-06-06 09:00:21,0.0018725000554695725,0.0027418885300299926
2021-06-06 10:00:21,0.008229999803006649,0.00817322268367845
2021-06-06 11:00:20,0.010195000097155571,0.015069904982837065
2021-06-06 12:00:20,0.03991999849677086,0.04463658118454487
2021-06-06 13:00:20,0.11886750161647797,0.12180353054162948
2021-06-06 14:00:20,0.24545249342918396,0.2062587169617633
2021-06-06 15:00:21,0.347305029630661,0.30315754343707657
2021-06-06 16:00:21,0.4042300283908844,0.3642097593680457
2021-06-06 17:00:21,0.34595000743865967,0.387303703128785
2021-06-06 18:00:21,0.24857500195503235,0.2469589788336504
2021-06-06 19:00:21,0.08742500096559525,0.15456520890528214
2021-06-06 20:00:21,0.07695750147104263,0.09817300061816951
2021-06-06 21:00:21,0.09632500261068344,0.10828148968945114
2021-06-06 22:00:21,0.10222750157117844,0.11117310973554365
2021-06-06 23:00:21,0.09038000553846359,0.08257616578458629
2021-06-07 00:00:21,0.04670749977231026,0.04772493987992345
2021-06-07 01:00:20,0.021045001223683357,0.02533770304866461
2021-06-07 02:00:20,0.018850000575184822,0.020474919031025704
2021-06-07 03:00:21,0.022625001147389412,0.019431219283034845
2021-06-07 04:00:21,0.029784999787807465,0.028143030861079804
2021-06-07 05:00:21,0.01739250123500824,0.01655849219696162
2021-06-07 06:00:21,0.0038400001358240843,0.006918843211261623
2021-06-07 07:00:21,0.011372501030564308,0.012621726820272143
2021-06-07 08:00:21,0.011527500115334988,0.010652369149162597
2021-06-07 09:00:21,0.015394999645650387,0.028558601082741237
2021-06-07 10:00:21,0.04815500229597092,0.05119048398437174
2021-06-07 11:00:20,0.05392249673604965,0.045539615883213036
2021-06-07 12:00:20,0.017470000311732292,0.03439083697900139
2021-06-07 13:00:20,0.03550000116229057,0.029985128329289755
2021-06-07 14:00:20,0.034757502377033234,0.03614286004438238
2021-06-07 15:00:21,0.054284997284412384,0.06845796909435606
2021-06-07 16:00:21,0.1219475120306015,0.11410892436345735
2021-06-07 17:00:21,0.13902251422405243,0.15307264658011577
2021-06-07 18:00:21,0.1353124976158142,0.1473348421701591
2021-06-07 19:00:21,0.119827501475811,0.1329263682468312
2021-06-07 20:00:21,0.1965624839067459,0.1884495645621501
2021-06-07 21:00:21,0.24182751774787903,0.24046937923356268
2021-06-07 22:00:21,0.2564625144004822,0.2718124875961317
2021-06-07 23:00:21,0.1307075023651123,0.16473009579822356
2021-06-08 00:00:21,0.033937498927116394,0.058166968987782466
2021-06-08 01:00:20,0.01137000136077404,0.019055095286112794
2021-06-08 02:00:20,0.004240000154823065,0.004938564486011643
2021-06-08 03:00:21,3.000000106112566e-05,0.0009757903617777938
2021-06-08 04:00:21,4.999999873689376e-06,0.00041525890710786224
2021-06-08 05:00:21,0.0,0.00023647458778938208
2021-06-08 06:00:21,0.000979999895207584,0.002048127171832502
2021-06-08 07:00:21,0.008912499994039536,0.008533075527163134
2021-06-08 08:00:21,0.02415749989449978,0.024714378418476866
2021-06-08 09:00:21,0.03188750147819519,0.03020096578979881
2021-06-08 10:00:21,0.015924999490380287,0.018248933196654413
2021-06-08 11:00:20,0.04339499771595001,0.06903117059155343
2021-06-08 12:00:20,0.05872749537229538,0.05886022540525865
2021-06-08 13:00:20,0.04389750212430954,0.055716748495783744
2021-06-08 14:00:20,0.09122750163078308,0.10585474758180315
2021-06-08 15:00:21,0.20895251631736755,0.2043075555042008
2021-06-08 16:00:21,0.3359450101852417,0.3019276221852024
2021-06-08 17:00:21,0.5416225790977478,0.6213712266825098
2021-06-08 18:00:21,0.7888625264167786,0.743500869601961
2021-06-08 19:00:21,1.1566975116729736,0.8340704016145939
2021-06-08 20:00:21,1.5972825288772583,1.5249510536728572
2021-06-08 21:00:21,1.9853826761245728,1.9724663840628118
2021-06-08 22:00:21,2.1906349658966064,1.8818651500477162
2021-06-08 23:00:21,1.9493902921676636,2.38636621982545
2021-06-09 00:00:21,1.811264991760254,1.7849670057612212
2021-06-09 01:00:20,1.7124048471450806,1.711759843019429
2021-06-09 02:00:20,1.5333524942398071,2.193328894348958
2021-06-09 03:00:21,1.4618849754333496,2.125828490586631
2021-06-09 04:00:21,1.40996253490448,1.4905050726669484
2021-06-09 05:00:21,1.1697875261306763,1.354345606387767
2021-06-09 06:00:21,0.8006424903869629,0.8562102070043993
2021-06-09 07:00:21,0.4426325261592865,0.5247732746254382
2021-06-09 08:00:21,0.22434499859809875,0.271709048741752
2021-06-09 09:00:21,0.1137700080871582,0.1559971239557121
2021-06-09 10:00:21,0.02525000087916851,0.05016303189106639
2021-06-09 11:00:20,0.011907500214874744,0.017996896810400894
2021-06-09 12:00:20,0.015152499079704285,0.019277368856888903
2021-06-09 13:00:20,0.033990003168582916,0.02856264293056589
2021-06-09 14:00:20,0.02707749977707863,0.02603675811731728
2021-06-09 15:00:21,0.03170999884605408,0.026697646330531847
2021-06-09 16:00:21,0.03640250116586685,0.041283974995106026
2021-06-09 17:00:21,0.08737000077962875,0.10301174043199984
2021-06-09 18:00:21,0.13976500928401947,0.14511649164352255
2021-06-09 19:00:21,0.15286999940872192,0.14720261905121945
2021-06-09 20:00:21,0.11809250712394714,0.12970470473733658
2021-06-09 21:00:21,0.15108250081539154,0.15331878061319393
2021-06-09 22:00:21,0.21661999821662903,0.2017034806221537
2021-06-09 23:00:21,0.2134000062942505,0.22273079224350162
2021-06-10 00:00:21,0.1347375065088272,0.15670762595863988
2021-06-10 01:00:20,0.09874749928712845,0.11053545159588789
2021-06-10 02:00:20,0.11663499474525452,0.11016460926557753
2021-06-10 03:00:21,0.11432500183582306,0.10820736964006661
2021-06-10 04:00:21,0.12430000305175781,0.12294901361753906
2021-06-10 05:00:21,0.12493249773979187,0.11111528594942474
2021-06-10 06:00:21,0.09134500473737717,0.09585036878253934
2021-06-10 07:00:21,0.04890250042080879,0.04813653361760034
2021-06-10 08:00:21,0.04934749752283096,0.049520040497854724
2021-06-10 09:00:21,0.07056499272584915,0.06987662764130748
2021-06-10 10:00:21,0.0721450001001358,0.05973294264929154
2021-06-10 11:00:20,0.03177250549197197,0.0350998965747264
2021-06-10 12:00:20,0.006627500057220459,0.007825441941850485
2021-06-10 13:00:20,0.011345000006258488,0.012327292949696065
2021-06-10 14:00:20,0.03638000041246414,0.03971164495993653
2021-06-10 15:00:21,0.1313125044107437,0.11901678585840371
2021-06-10 16:00:21,0.1704925000667572,0.1696728032449978
2021-06-10 17:00:21,0.1520249992609024,0.15971763342406206
2021-06-10 18:00:21,0.10883000493049622,0.11693535483010654
2021-06-10 19:00:21,0.06746000051498413,0.08698738672852054
2021-06-10 20:00:21,0.06992750614881516,0.0858138118646069
2021-06-10 21:00:21,0.02969999983906746,0.035271224247683836
2021-06-10 22:00:21,0.007557499688118696,0.010384991411207058
2021-06-10 23:00:21,0.015340001322329044,0.015561332598638889
2021-06-11 00:00:21,0.04605500027537346,0.053444736408864435
2021-06-11 01:00:21,0.05975250154733658,0.06675823062158302
2021-06-11 02:00:20,0.035120002925395966,0.0456117385133548
2021-06-11 03:00:21,0.04414000362157822,0.04736492167180347
2021-06-11 04:00:21,0.025709999725222588,0.02622520615571766
2021-06-11 05:00:21,0.03677750006318092,0.04876149536784991
2021-06-11 06:00:21,0.019882498309016228,0.022369282883537837
2021-06-11 07:00:21,0.00023000001965556294,0.0021082781972552346
2021-06-11 08:00:21,0.0031700001563876867,0.007454126531974858
2021-06-11 09:00:21,0.040882501751184464,0.04790770663945899
2021-06-11 10:00:21,0.015222501009702682,0.01834130922040449
2021-06-11 11:00:21,0.0009324999991804361,0.00297000718205166
2021-06-11 12:00:20,0.0009899999713525176,0.0018563348226308919
2021-06-11 13:00:20,0.021712500602006912,0.031326581500703575
2021-06-11 14:00:20,0.17253750562667847,0.16573592854873048
2021-06-11 15:00:21,0.2373500019311905,0.25233358495367847
2021-06-11 16:00:21,0.24650749564170837,0.30342115704780753
2021-06-11 17:00:21,0.1097474992275238,0.13906472721835558
2021-06-11 18:00:21,0.05270250141620636,0.06647052571587497
2021-06-11 19:00:21,0.027762500569224358,0.040268464553504926
2021-06-11 20:00:21,0.04012000188231468,0.045322970620312805
2021-06-11 21:00:21,0.02837499976158142,0.0369783547227385
2021-06-11 22:00:21,0.009769999422132969,0.010875597457089037
2021-06-11 23:00:21,0.0032999999821186066,0.004210777186080577
2021-06-12 00:00:21,0.02470250055193901,0.023321373131849503
2021-06-12 01:00:21,0.05881500989198685,0.04852275658660805
2021-06-12 02:00:20,0.07031750679016113,0.07989085317980255
2021-06-12 03:00:21,0.06318249553442001,0.06846413216705725
2021-06-12 04:00:21,0.04766499996185303,0.053078141715788264
2021-06-12 05:00:21,0.05136749893426895,0.0598445489948701
2021-06-12 06:00:21,0.10794749855995178,0.11201511417438445
2021-06-12 07:00:21,0.16777001321315765,0.15789633784432014
2021-06-12 08:00:21,0.2675025165081024,0.2718910390955733
2021-06-12 09:00:21,0.14604251086711884,0.174944814415849
2021-06-12 10:00:21,0.0802375003695488,0.11936012751582896
2021-06-12 11:00:20,0.2537350058555603,0.23599595078181942
2021-06-12 12:00:20,0.37242254614830017,0.3374313060431023
2021-06-12 13:00:20,0.3868425190448761,0.3647375157713224
2021-06-12 14:00:20,0.33804750442504883,0.35233675381084195
2021-06-12 15:00:21,0.348565012216568,0.41758373909823954
2021-06-12 16:00:21,0.3009999990463257,0.32312139512603294
2021-06-12 17:00:21,0.16421249508857727,0.20846053013259142
2021-06-12 18:00:21,0.06485749781131744,0.09706292643567566
2021-06-12 19:00:21,0.037537503987550735,0.06463429840718585
2021-06-12 20:00:21,0.18330000340938568,0.20721529537399277
2021-06-12 21:00:21,0.36411502957344055,0.29057613261580506
2021-06-12 22:00:21,0.3835900127887726,0.36403343759828166
2021-06-12 23:00:21,0.39642998576164246,0.41498518307605003
2021-06-13 00:00:21,0.3706725239753723,0.3757420004938418
2021-06-13 01:00:21,0.3651300370693207,0.38075061250599324
2021-06-13 02:00:20,0.34651750326156616,0.3428322148911307
2021-06-13 03:00:21,0.35093003511428833,0.33745340584072137
2021-06-13 04:00:21,0.38861000537872314,0.38031568038390695
2021-06-13 05:00:21,0.29180753231048584,0.29969226378622166
2021-06-13 06:00:21,0.23732499778270721,0.2335323848246664
2021-06-13 07:00:21,0.2268575131893158,0.23043050545511515
2021-06-13 08:00:21,0.23781250417232513,0.28699332230817626
2021-06-13 09:00:21,0.2552550137042999,0.28815509537985107
2021-06-13 10:00:21,0.14618249237537384,0.18215443323897038
2021-06-13 11:00:20,0.1069050058722496,0.15707290776544913
2021-06-13 12:00:20,0.10379749536514282,0.115717103484552
2021-06-13 13:00:20,0.08904000371694565,0.08879626499603001
2021-06-13 14:00:20,0.04028000310063362,0.04526674096797782
2021-06-13 15:00:21,0.006337500177323818,0.012434330815901133
2021-06-13 16:00:21,0.0011675000423565507,0.0023514997762848185
2021-06-13 17:00:21,4.999999873689376e-06,0.0005714180659722473
2021-06-13 18:00:21,0.0005775000317953527,0.0008457234175062449
2021-06-13 19:00:21,0.00012250000145286322,0.0002582196701868007
2021-06-13 20:00:21,0.0009449999779462814,0.0008728941902293421
2021-06-13 21:00:21,0.0011449999874457717,0.001732669140530166
2021-06-13 22:00:21,0.007227499969303608,0.00536904964044355
2021-06-13 23:00:21,0.007280000485479832,0.009295375596017062
2021-06-14 00:00:21,0.007307499647140503,0.008957243420699982
2021-06-14 01:00:21,0.0003699999942909926,0.0012999846681334118
2021-06-14 02:00:20,0.00039250002009794116,0.0006017182609664182
2021-06-14 03:00:21,0.0,0.0003041510851850461
2021-06-14 04:00:21,6.749999738531187e-05,0.0002577727245483931
2021-06-14 05:00:21,0.00013749999925494194,0.0003000331761265366
2021-06-14 06:00:21,0.00021499999274965376,0.00030710212238475474
2021-06-14 07:00:21,0.00028500001644715667,0.0002539952652824133
2021-06-14 08:00:21,0.00013749999925494194,0.000227017939444107
2021-06-14 09:00:21,0.00012000000424450263,0.00022850446588164013
2021-06-14 10:00:21,0.00048749998677521944,0.0005790110230415961
2021-06-14 11:00:20,5.2500003221211955e-05,0.0002086010123548532
2021-06-14 12:00:20,4.999999873689376e-05,0.0002410035009566934
2021-06-14 13:00:20,0.0006549999816343188,0.0006530870249639872
2021-06-14 14:00:20,0.008340000174939632,0.011046703153330346
2021-06-14 15:00:20,0.01912499964237213,0.025349672613539164
2021-06-14 16:00:20,0.0349775031208992,0.0331710071133236
2021-06-14 17:00:20,0.017717501148581505,0.021970049764905072
2021-06-14 18:00:20,0.03198999911546707,0.0297289423862733
2021-06-14 19:00:20,0.04379250481724739,0.04929067845698984
2021-06-14 20:00:20,0.03097499907016754,0.030912254728619755
2021-06-14 21:00:21,0.010952499695122242,0.013132919684636958
2021-06-14 22:00:21,0.03508250042796135,0.0466198087118239
2021-06-14 23:00:21,0.104607492685318,0.0991680374478868
2021-06-15 00:00:21,0.256074994802475,0.23336780834593107
2021-06-15 01:00:21,0.28316500782966614,0.2960920338527989
2021-06-15 02:00:21,0.19874000549316406,0.2162348010991306
2021-06-15 03:00:20,0.11934751272201538,0.14535103548709075
2021-06-15 04:00:20,0.06076500192284584,0.06677523592283033
2021-06-15 05:00:20,0.07708749175071716,0.08416527353656894
2021-06-15 06:00:20,0.16728749871253967,0.13260721558897579
2021-06-15 07:00:20,0.1781499981880188,0.16624042828402272
2021-06-15 08:00:20,0.11620000004768372,0.11383525368083719
2021-06-15 09:00:20,0.08173249661922455,0.08846518321138054
2021-06-15 10:00:20,0.05932750180363655,0.06689969005306344
2021-06-15 11:00:20,0.033422503620386124,0.04240495567927992
2021-06-15 12:00:19,0.03164749965071678,0.03709412593427534
2021-06-15 13:00:19,0.03630250319838524,0.03448062029672598
2021-06-15 14:00:19,0.02396250143647194,0.027987377803569687
2021-06-15 15:00:20,0.04939749836921692,0.04619121154371461
2021-06-15 16:00:20,0.045315004885196686,0.0392426506785224
2021-06-15 17:00:20,0.015377499163150787,0.02606537429444078
2021-06-15 18:00:20,0.02977999858558178,0.028854115232101685
2021-06-15 19:00:20,0.023817500099539757,0.02813129717710369
2021-06-15 20:00:20,0.04681500419974327,0.04964042246982931
2021-06-15 21:00:20,0.08918000757694244,0.08752362898840631
2021-06-15 22:00:20,0.13080750405788422,0.11708215958156881
2021-06-15 23:00:20,0.06902750581502914,0.09066325242862504
2021-06-16 00:00:20,0.0684875026345253,0.0677158223605769
2021-06-16 01:00:20,0.06964751332998276,0.0785435070381417
2021-06-16 02:00:20,0.08598250895738602,0.08457827915543477
2021-06-16 03:00:20,0.08299499750137329,0.09430159008105829
2021-06-16 04:00:20,0.06514749675989151,0.07443382680673133
2021-06-16 05:00:20,0.03384250029921532,0.04222816929706909
2021-06-16 06:00:20,0.014595001004636288,0.018807591206762703
2021-06-16 07:00:20,0.018347499892115593,0.018931840215743984
2021-06-16 08:00:20,0.01351500116288662,0.0153031297991164
2021-06-16 09:00:20,0.027047500014305115,0.026799265475837015
2021-06-16 10:00:20,0.041074998676776886,0.031019211328415616
2021-06-16 11:00:20,0.00810249987989664,0.010658659208136958
2021-06-16 12:00:19,0.005319999996572733,0.011428933327731506
2021-06-16 13:00:19,0.008757499977946281,0.011254387271339636
2021-06-16 14:00:19,0.008769999258220196,0.011518250189971047
2021-06-16 15:00:20,0.007462500128895044,0.009388656100035203
2021-06-16 16:00:20,0.002930000191554427,0.004298850670148888
2021-06-16 17:00:20,0.006117500830441713,0.007366327284579577
2021-06-16 18:00:20,0.017527500167489052,0.018108273943052044
2021-06-16 19:00:20,0.019099999219179153,0.02376860796130661
2021-06-16 20:00:20,0.017500001937150955,0.01959198231338692
2021-06-16 21:00:20,0.007317499723285437,0.010440153133423979
2021-06-16 22:00:20,0.006427499931305647,0.008802398971567583
2021-06-16 23:00:20,0.0036375001072883606,0.0043013212869301935
2021-06-17 00:00:20,6.25000029685907e-05,0.000965532044829995
2021-06-17 01:00:20,0.0008799999486654997,0.0014327680807922254
2021-06-17 02:00:20,0.003200000384822488,0.003292475519738855
2021-06-17 03:00:20,0.001537499949336052,0.0020190322181820523
2021-06-17 04:00:20,0.015232499688863754,0.012869522173877707
2021-06-17 05:00:20,0.021272500976920128,0.02125414056529162
2021-06-17 06:00:20,0.018275000154972076,0.02487846706210477
2021-06-17 07:00:20,0.010370001196861267,0.012160023617877751
2021-06-17 08:00:20,0.0016299999551847577,0.0026844064557745907
2021-06-17 09:00:20,0.0008100000559352338,0.0011721316143941114
2021-06-17 10:00:20,0.0015475000254809856,0.0018184826237943855
2021-06-17 11:00:20,0.000772500061430037,0.0010987937601454282
2021-06-17 12:00:19,0.0009825000306591392,0.0008310871825247343
2021-06-17 13:00:19,0.0012925000628456473,0.001835707104517336
2021-06-17 14:00:19,0.002162500051781535,0.0023693917594935607
2021-06-17 15:00:20,0.0017900001257658005,0.0018320339366892583
2021-06-17 16:00:20,0.0031825003679841757,0.0030057545999873808
2021-06-17 17:00:20,0.010615000501275063,0.009950479832782097
2021-06-17 18:00:20,0.03324250131845474,0.028065638049746874
2021-06-17 19:00:20,0.011967499740421772,0.012481378848957406
2021-06-17 20:00:20,0.004287499934434891,0.00529944329848459
2021-06-17 21:00:20,0.0009050000226125121,0.001967756171010219
2021-06-17 22:00:20,0.002070000162348151,0.0021001451506981804
2021-06-17 23:00:20,0.005942499730736017,0.007123426377241986
2021-06-18 00:00:20,0.0010875000152736902,0.0016321622719596219
2021-06-18 01:00:20,0.00014750001719221473,0.0005894446840435284
2021-06-18 02:00:20,0.0014674998819828033,0.0014835428825529158
2021-06-18 03:00:20,0.0006550000398419797,0.0007878296484256194
2021-06-18 04:00:20,0.002580000087618828,0.0022293482449188104
2021-06-18 05:00:20,0.001422500004991889,0.0020590455566811714
2021-06-18 06:00:20,0.0005550000350922346,0.0007077082242826264
2021-06-18 07:00:20,6.000000212225132e-05,0.00029480713725801155
2021-06-18 08:00:20,0.0004350000526756048,0.0004121974667337031
2021-06-18 09:00:20,0.0009900000877678394,0.0012418104612180788
2021-06-18 10:00:20,0.00048249997780658305,0.0004968684073219831
2021-06-18 11:00:20,0.00024000000848900527,0.0002949007712466472
2021-06-18 12:00:19,1.500000053056283e-05,0.00024656940367026955
2021-06-18 13:00:19,3.5000000934815034e-05,0.00022705285041194214
2021-06-18 14:00:19,2.750000021478627e-05,0.00020076159158174476
2021-06-18 15:00:20,0.0,0.00020706095239699692
2021-06-18 16:00:20,0.00031999999191612005,0.000342362065422906
2021-06-18 17:00:20,0.0013700000708922744,0.0014814303091513694
2021-06-18 18:00:20,0.00017499999376013875,0.0004049933814548075
2021-06-18 19:00:20,9.999999747378752e-06,0.0003489949059391952
2021-06-18 20:00:20,0.0005750000127591193,0.0005103564277401072
2021-06-18 21:00:20,0.00139999995008111,0.00158954499763171
2021-06-18 22:00:20,0.0014300000621005893,0.0020019097449839865
2021-06-18 23:00:20,0.0010100000072270632,0.0014286511796957721
2021-06-19 00:00:20,0.013175000436604023,0.011194207795466376
2021-06-19 01:00:20,0.016202500090003014,0.014997994471944325
2021-06-19 02:00:20,0.023137498646974564,0.028599942858179503
2021-06-19 03:00:20,0.028277503326535225,0.041225529220807064
2021-06-19 04:00:20,0.06975000351667404,0.06348170658592144
2021-06-19 05:00:20,0.13972750306129456,0.12907605069614628
2021-06-19 06:00:20,0.18070250749588013,0.16210595655957533
2021-06-19 07:00:20,0.10832000523805618,0.12421029872444925
2021-06-19 08:00:20,0.037620000541210175,0.054302983925798715
2021-06-19 09:00:20,0.00474750017747283,0.01146030459315747
2021-06-19 10:00:20,0.00019499998597893864,0.0012739668052524028
2021-06-19 11:00:20,7.500000265281415e-06,0.00043799307806353087
2021-06-19 12:00:20,0.0,0.00022822362590717613
2021-06-19 13:00:19,7.500000265281415e-06,0.00020076159158174476
2021-06-19 14:00:19,0.0,0.00019079199593677201
2021-06-19 15:00:20,0.0,0.00019079199593677201
2021-06-19 16:00:20,2.499999936844688e-06,0.00019021409909728782
2021-06-19 17:00:20,3.2500000088475645e-05,0.00019070752811247828
2021-06-19 18:00:20,0.0005100000416859984,0.0005595198810705648
2021-06-19 19:00:20,0.0003425000177230686,0.0002753262585926668
2021-06-19 20:00:20,0.00028249999741092324,0.0003239836927508449
2021-06-19 21:00:20,3.5000000934815034e-05,0.00029784358024853667
2021-06-19 22:00:20,0.00017250000382773578,0.0002836950265795522
2021-06-19 23:00:20,0.0012149999383836985,0.001836684255779382
2021-06-20 00:00:20,0.001285000005736947,0.004466652371607115
2021-06-20 01:00:20,0.0002649999805726111,0.00047314587718281896
2021-06-20 02:00:20,0.028717495501041412,0.03626259298401931
2021-06-20 03:00:20,0.10753751546144485,0.12475054595365713
2021-06-20 04:00:20,0.10799749940633774,0.12221256696695434
2021-06-20 05:00:20,0.07840750366449356,0.11780862609794003
2021-06-20 06:00:20,0.08779000490903854,0.1053631847883387
2021-06-20 07:00:20,0.06290251016616821,0.09366473190738116
2021-06-20 08:00:20,0.04087499901652336,0.052647950691803835
2021-06-20 09:00:20,0.02817000076174736,0.038213433424795544
2021-06-20 10:00:20,0.011497500352561474,0.017951792256503493
2021-06-20 11:00:20,0.014169999398291111,0.0168026748249454
2021-06-20 12:00:20,0.0069125001318752766,0.006955707758895457
2021-06-20 13:00:19,0.0019475002773106098,0.0024224681938834077
2021-06-20 14:00:19,0.0,0.0005494992294719419
2021-06-20 15:00:20,0.001102500013075769,0.002146932845822146
2021-06-20 16:00:20,0.016940001398324966,0.02219622627849317
2021-06-20 17:00:20,0.17607000470161438,0.16836968025683707
2021-06-20 18:00:20,0.5881349444389343,0.5234735596004818
2021-06-20 19:00:20,1.0313724279403687,0.7954873440801146
2021-06-20 20:00:20,1.0199100971221924,1.4431357441397359
2021-06-20 21:00:20,1.0408549308776855,1.6044340423643981
2021-06-20 22:00:20,0.7833475470542908,1.6358216232863432
2021-06-20 23:00:20,0.6601125001907349,0.7596539990855831
2021-06-21 00:00:20,0.4316350221633911,0.5167884549360463
2021-06-21 01:00:20,0.3239299952983856,0.3859938063554058
2021-06-21 02:00:20,0.20463749766349792,0.23992178130779362
2021-06-21 03:00:20,0.08769750595092773,0.12069026270622725
2021-06-21 04:00:20,0.01981250010430813,0.03726755722240072
2021-06-21 05:00:20,0.006992500275373459,0.010928911015717682
2021-06-21 06:00:20,0.012207500636577606,0.012131862450586246
2021-06-21 07:00:20,0.005207499489188194,0.005589716921262387
2021-06-21 08:00:20,0.0015899999998509884,0.002119339372061917
2021-06-21 09:00:20,7.750000077066943e-05,0.0005603312869886362
2021-06-21 10:00:20,4.2499999835854396e-05,0.0002852360849701888
2021-06-21 11:00:20,0.0008999999845400453,0.0013803512506973523
2021-06-21 12:00:20,4.999999873689376e-06,0.0003579288934926983
2021-06-21 13:00:19,9.249999857274815e-05,0.0004060980126890855
2021-06-21 14:00:19,3.9999998989515007e-05,0.00021198603008365575
2021-06-21 15:00:20,0.00026500000967644155,0.0010197920886756465
2021-06-21 16:00:20,0.00024249999842140824,0.0003399984189549169
2021-06-21 17:00:20,0.0026924998965114355,0.0029558166224191384
2021-06-21 18:00:20,0.006095000542700291,0.005006879800446197
2021-06-21 19:00:20,0.010912500321865082,0.01207038879050746
2021-06-21 20:00:20,0.021049998700618744,0.024279168844573693
2021-06-21 21:00:20,0.043072499334812164,0.047301347913241934
2021-06-21 22:00:20,0.03597000241279602,0.038743000250102286
2021-06-21 23:00:20,0.11012750118970871,0.10698996198063244
2021-06-22 00:00:20,0.35341253876686096,0.2725955951976891
2021-06-22 01:00:20,0.27462249994277954,0.3078311003463693
2021-06-22 02:00:20,0.19144999980926514,0.21473099037298232
2021-06-22 03:00:20,0.1149200052022934,0.13806421389478937
2021-06-22 04:00:20,0.07427500188350677,0.07761828507118426
2021-06-22 05:00:20,0.03914250060915947,0.0520186662989423
2021-06-22 06:00:20,0.0580425038933754,0.05576183384425303
2021-06-22 07:00:20,0.04837000370025635,0.06213920263739561
2021-06-22 08:00:20,0.03057500347495079,0.04856095262551711
2021-06-22 09:00:20,0.09206249564886093,0.10276815539918877
2021-06-22 10:00:20,0.06319499760866165,0.08042290480744445
2021-06-22 11:00:20,0.07788249850273132,0.09264309082501229
2021-06-22 12:00:20,0.04287000000476837,0.05353545890727803
2021-06-22 13:00:19,0.031790003180503845,0.04777577994111306
2021-06-22 14:00:19,0.042992498725652695,0.05082504198383437
2021-06-22 15:00:20,0.03072250448167324,0.033664403349905725
2021-06-22 16:00:20,0.022940000519156456,0.028431933164284516
2021-06-22 17:00:20,0.024869998916983604,0.027837522180804975
2021-06-22 18:00:20,0.00967750046402216,0.014566154388995691
2021-06-22 19:00:20,0.045170001685619354,0.05060587796188534
2021-06-22 20:00:20,0.08417250216007233,0.10597846765794262
2021-06-22 21:00:20,0.10431001335382462,0.11372394343382203
2021-06-22 22:00:20,0.09166499972343445,0.11998930101328362
2021-06-22 23:00:20,0.11388250440359116,0.11214005442957818
2021-06-23 00:00:20,0.09582750499248505,0.11665235350332093
2021-06-23 01:00:20,0.15706250071525574,0.1533611019264367
2021-06-23 02:00:20,0.13261500000953674,0.1507470645398047
2021-06-23 03:00:20,0.1469700038433075,0.16695566504445553
2021-06-23 04:00:20,0.122654989361763,0.15044793392968636
2021-06-23 05:00:20,0.06823499500751495,0.07983861776361686
2021-06-23 06:00:20,0.019804999232292175,0.027545250898468664
2021-06-23 07:00:20,0.0064275008626282215,0.01209321156030963
2021-06-23 08:00:20,0.0014149999478831887,0.003838473091469862
2021-06-23 09:00:20,0.00028500001644715667,0.0013115298226553712
2021-06-23 10:00:20,6.25000029685907e-05,0.0002836039445585186
2021-06-23 11:00:20,0.00017500000831205398,0.00026044495586186934
2021-06-23 12:00:20,0.000832499994430691,0.0009246589298020657
2021-06-23 13:00:19,1.7500000467407517e-05,0.00035372734552112936
2021-06-23 14:00:19,0.00048749998677521944,0.0008087105643264751
2021-06-23 15:00:20,0.0022875003051012754,0.0025380250854064547
2021-06-23 16:00:20,0.002752500120550394,0.003307839659212644
2021-06-23 17:00:20,0.0007799999439157546,0.0011623394582423875
2021-06-23 18:00:20,0.00013749999925494194,0.0005314799046242471
2021-06-23 19:00:20,0.0001199999896925874,0.0003936076378224284
2021-06-23 20:00:20,0.0005150000797584653,0.0017430103724213608
2021-06-23 21:00:20,0.00749000022187829,0.007925204087801188
2021-06-23 22:00:20,0.01670750044286251,0.02147599359307352
2021-06-23 23:00:20,0.006097500212490559,0.0063380390287334975
2021-06-24 00:00:20,0.0010049999691545963,0.002333494158927269
2021-06-24 01:00:20,0.00012749999586958438,0.0006310475757680387
2021-06-24 02:00:20,0.0006300000241026282,0.0006441858212915151
2021-06-24 03:00:20,0.00393499992787838,0.0074514644945878035
2021-06-24 04:00:20,0.03681249916553497,0.0342621137164191
2021-06-24 05:00:20,0.07629500329494476,0.09003362576950139
2021-06-24 06:00:20,0.10698000341653824,0.10968047434606222
2021-06-24 07:00:20,0.10314250737428665,0.11037985237220248
2021-06-24 08:00:20,0.048559997230768204,0.08348709236749757
2021-06-24 09:00:20,0.11453501135110855,0.12381588385028612
2021-06-24 10:00:20,0.25158998370170593,0.20443013688063977
2021-06-24 11:00:20,0.18622751533985138,0.2116501431602632
2021-06-24 12:00:20,0.14646750688552856,0.1880879397158653
2021-06-24 13:00:19,0.16206499934196472,0.16281934543441992
2021-06-24 14:00:19,0.13214999437332153,0.15062556915125186
2021-06-24 15:00:20,0.06685499846935272,0.09493753745201586
2021-06-24 16:00:20,0.013477500528097153,0.02522467826923552
2021-06-24 17:00:20,0.0008174999966286123,0.002930545080257344
2021-06-24 18:00:20,0.00045750002027489245,0.0009515198500262481
2021-06-24 19:00:20,8.499999967170879e-05,0.0003903431975515325
2021-06-24 20:00:20,0.0007925000390969217,0.0014103894492570707
2021-06-24 21:00:20,0.005877499934285879,0.006447616278864088
2021-06-24 22:00:20,0.022790001705288887,0.024696219993754952
2021-06-24 23:00:20,0.03422250226140022,0.02936089717280512
2021-06-25 00:00:20,0.037700001150369644,0.04896288013535495
2021-06-25 01:00:20,0.0322050005197525,0.037538150696121035
2021-06-25 02:00:20,0.02810250222682953,0.03600992180884792
2021-06-25 03:00:20,0.007147500757128,0.010997436822363147
2021-06-25 04:00:20,0.0009400000562891364,0.0018501002060805133
2021-06-25 05:00:20,0.002682500286027789,0.0032298039982164377
2021-06-25 06:00:20,0.00029250001534819603,0.0006904609125872864
2021-06-25 07:00:20,0.0003050000232178718,0.0004828279452705574
2021-06-25 08:00:20,0.0026175000239163637,0.002282155979368011
2021-06-25 09:00:20,0.002112500136718154,0.004368808438303888
2021-06-25 10:00:20,0.005184999667108059,0.004370519544138587
2021-06-25 11:00:20,0.0007975000189617276,0.001979657254391741
2021-06-25 12:00:20,0.00031750003108754754,0.0006894465667164231
2021-06-25 13:00:20,0.00011500000982778147,0.0004219657301744264
2021-06-25 14:00:19,0.0009975000284612179,0.0009691483162405384
2021-06-25 15:00:20,0.00016500000492669642,0.0003582633809943294
2021-06-25 16:00:20,0.0033525002654641867,0.007181948048399984
2021-06-25 17:00:20,0.011387500911951065,0.015289936569425804
2021-06-25 18:00:20,0.06782250106334686,0.08356053502056816
2021-06-25 19:00:20,0.1403675079345703,0.15560849296880838
2021-06-25 20:00:20,0.29021501541137695,0.2859661024229807
2021-06-25 21:00:20,0.40379250049591064,0.45936773236034073
2021-06-25 22:00:20,0.5079475045204163,0.548562291036658
2021-06-25 23:00:20,0.3902050256729126,0.5074725844286541
2021-06-26 00:00:20,0.219682514667511,0.27560044831993435
2021-06-26 01:00:20,0.09488000720739365,0.11350571714714976
2021-06-26 02:00:20,0.06188749894499779,0.064765110959554
2021-06-26 03:00:20,0.026737499982118607,0.03519810403884017
2021-06-26 04:00:20,0.006599999964237213,0.007787647077174213
2021-06-26 05:00:20,0.003062500385567546,0.003419604183031792
2021-06-26 06:00:20,0.0028299998957663774,0.002607243707719709
2021-06-26 07:00:20,0.0005750000127591193,0.0008159626705142377
2021-06-26 08:00:20,0.00020749997929669917,0.0003452589674378015
2021-06-26 09:00:20,0.00015750000602565706,0.00025932095757802767
2021-06-26 10:00:20,0.0005774999735876918,0.0025800910825528396
2021-06-26 11:00:20,0.0006925000343471766,0.004265572350318034
2021-06-26 12:00:20,0.005305000115185976,0.005594302064990496
2021-06-26 13:00:20,0.0016425001667812467,0.006620099832356772
2021-06-26 14:00:19,0.008907500654459,0.008208542355680906
2021-06-26 15:00:20,0.012472500093281269,0.013715641463752452
2021-06-26 16:00:20,0.011730000376701355,0.011591699428985436
2021-06-26 17:00:20,0.006095000542700291,0.008641188794920186
2021-06-26 18:00:20,0.014547500759363174,0.014181311362598975
2021-06-26 19:00:20,0.015752501785755157,0.016816960873808948
2021-06-26 20:00:20,0.005242499988526106,0.008128570276840032
2021-06-26 21:00:20,0.004717500414699316,0.008949519853851319
2021-06-26 22:00:20,0.014892498962581158,0.013735554366962433
2021-06-26 23:00:20,0.0028999997302889824,0.003993342525929515
2021-06-27 00:00:20,0.0025525002274662256,0.003313157348785528
2021-06-27 01:00:20,0.001129999989643693,0.0017517371917173227
2021-06-27 02:00:20,0.0,0.0004795494437657781
2021-06-27 03:00:20,0.0,0.00030803120361336104
2021-06-27 04:00:20,1.9999999494757503e-05,0.00021242617127357837
2021-06-27 05:00:20,0.0,0.00018764143240726478
2021-06-27 06:00:20,0.0009524999768473208,0.0007067287252068037
2021-06-27 07:00:20,0.013775001280009747,0.01266701320290178
2021-06-27 08:00:20,0.00870249979197979,0.009283089305655846
2021-06-27 09:00:20,0.006167500279843807,0.00793755112035606
2021-06-27 10:00:20,0.0033900002017617226,0.007616142304754744
2021-06-27 11:00:20,0.011577500961720943,0.010950159608483842
2021-06-27 12:00:20,0.008744999766349792,0.01277687358478647
2021-06-27 13:00:20,0.02755499817430973,0.022562725647539597
2021-06-27 14:00:19,0.021960001438856125,0.028094449603912264
2021-06-27 15:00:20,0.04698999971151352,0.05310450089745607
2021-06-27 16:00:20,0.10091499984264374,0.09599960278556824
2021-06-27 17:00:20,0.11291750520467758,0.11917858594375455
2021-06-27 18:00:20,0.07000750303268433,0.07791002242877451
2021-06-27 19:00:20,0.07712500542402267,0.07878815225953392
2021-06-27 20:00:20,0.06216999515891075,0.059597722184888416
2021-06-27 21:00:20,0.02701999805867672,0.031187715434889896
2021-06-27 22:00:20,0.010172500275075436,0.026106119582424855
2021-06-27 23:00:20,0.00931750051677227,0.013700753902340643
2021-06-28 00:00:20,0.014617499895393848,0.016082303737983562
2021-06-28 01:00:20,0.02443000115454197,0.020936650594752956
2021-06-28 02:00:20,0.024182502180337906,0.02083623875080042
2021-06-28 03:00:20,0.020785000175237656,0.0220755538749363
2021-06-28 04:00:20,0.03534000366926193,0.03335131218897549
2021-06-28 05:00:20,0.01605750061571598,0.02143546272201913
2021-06-28 06:00:20,0.018287498503923416,0.020247074357684015
2021-06-28 07:00:20,0.0012100000167265534,0.0030491860939180766
2021-06-28 08:00:20,0.001554999966174364,0.002290158540383397
2021-06-28 09:00:20,0.006337500177323818,0.008353135473073698
2021-06-28 10:00:20,0.02838749997317791,0.02459179126958883
2021-06-28 11:00:20,0.01472499966621399,0.018275440684267327
2021-06-28 12:00:20,0.025380000472068787,0.029941069255063502
2021-06-28 13:00:20,0.05434749647974968,0.04992607423821596
2021-06-28 14:00:19,0.044517502188682556,0.05461484124766379
2021-06-28 14:50:20,0.018565000966191292,0.01957163993123755
2021-06-28 16:00:20,0.017560001462697983,0.017688231303456405
2021-06-28 17:00:19,0.013055000454187393,0.01900303791787041
2021-06-28 18:00:19,0.02163749933242798,0.03318245670713667
2021-06-28 19:00:19,0.007642500102519989,0.011499543789775912
2021-06-28 20:00:19,0.0013375000562518835,0.002353846539336665
2021-06-28 21:00:20,0.0013100000796839595,0.003462462494976363
2021-06-28 22:00:20,0.005192500073462725,0.007099077793416774
2021-06-28 23:00:20,0.011192500591278076,0.01726989576672817
2021-06-29 00:00:20,0.0257750004529953,0.037118920518067255
2021-06-29 01:00:20,0.036502499133348465,0.043176798792796414
2021-06-29 02:00:20,0.01714250072836876,0.027160037880515336
2021-06-29 03:00:20,0.01896749809384346,0.023483400419157127
2021-06-29 04:00:20,0.01614999957382679,0.025627366455153774
2021-06-29 05:00:20,0.031337495893239975,0.029404839556219056
2021-06-29 06:00:20,0.014619999565184116,0.014284591369943127
2021-06-29 07:00:20,0.00045250001130625606,0.0019733594434134484
2021-06-29 08:00:20,0.006202499847859144,0.014019028324074154
2021-06-29 09:00:20,0.000782499962951988,0.0013146102919633907
2021-06-29 10:00:20,2.499999936844688e-06,0.0005193503825033459
2021-06-29 11:00:20,4.999999873689376e-06,0.0002819782254165141
2021-06-29 12:00:20,3.000000106112566e-05,0.00020415189344050782
2021-06-29 13:00:20,0.0,0.00019079199593677201
2021-06-29 14:00:20,0.00028750000637955964,0.0003433005120520171
2021-06-29 15:00:20,0.010587500408291817,0.01435741899086739
2021-06-29 16:00:20,0.06108250841498375,0.08034111242954783
2021-06-29 17:00:20,0.27843502163887024,0.28547511628592387
2021-06-29 18:00:20,0.8908700346946716,0.6496112560569933
2021-06-29 19:00:20,1.1968525648117065,1.4519394557847451
2021-06-29 20:00:20,1.1853549480438232,2.2604811980868287
2021-06-29 21:00:20,0.9502549767494202,2.0496155301459127
2021-06-29 22:00:20,1.0082025527954102,2.4619703219094218
2021-06-29 23:00:20,1.0595101118087769,2.38636621982545
2021-06-30 00:00:20,0.9813600778579712,2.3301264766405207
2021-06-30 01:00:20,0.7811625003814697,1.6213828048095686
2021-06-30 02:00:20,0.63458251953125,0.6689035964325875
2021-06-30 03:00:20,0.5287799835205078,0.6535211325729366
2021-06-30 04:00:20,0.8050950169563293,0.891067339917123
2021-06-30 05:00:20,0.8392775654792786,0.9201770834167807
2021-06-30 06:00:20,0.6719675064086914,0.734696412103606
2021-06-30 07:00:20,0.3896524906158447,0.5682773302138234
2021-06-30 08:00:20,0.25982749462127686,0.29062155243307797
2021-06-30 09:00:20,0.2004850059747696,0.18638843642489064
2021-06-30 10:00:20,0.10951750725507736,0.1136434724577515
2021-06-30 11:00:20,0.026420000940561295,0.043597744572612375
2021-06-30 12:00:20,0.015102499164640903,0.018652970810830897
2021-06-30 13:00:20,0.005615000147372484,0.006820617338225759
2021-06-30 14:00:20,0.007069999817758799,0.007209449827317559
2021-06-30 15:00:20,0.013882501050829887,0.014138115331617952
2021-06-30 16:00:20,0.007190000265836716,0.007119989023686884
2021-06-30 17:00:20,0.00011749999248422682,0.0011313024439468622
2021-06-30 18:00:20,0.00017499999376013875,0.000484132831253988
2021-06-30 19:00:20,0.0018725000554695725,0.0019322790313771065
2021-06-30 20:00:20,0.0005550000350922346,0.0010342959162031433
2021-06-30 21:00:20,2.750000021478627e-05,0.00034567398858075264
2021-06-30 22:00:20,0.00037750002229586244,0.00042652635615691834
2021-06-30 23:00:20,0.0003175000019837171,0.0003870351542642458
